,entity1_entity2
painacetaminophen,56
constipationsenna,41
painoxycodone,29
feveracetaminophen,26
constipationbisacodyl,24
painmorphine,23
atrial fibrillationcoumadin,22
afibcoumadin,22
anxietylorazepam,22
pneumoniaantibiotic,19
diuresislasix,18
wheezingalbuterol sulfate,17
wheezealbuterol sulfate,16
painhydromorphone,14
paindilaudid,13
diuresedlasix,13
chest painnitroglycerin,12
constipationdocusate sodium,11
hypotensionfluid,11
sobalbuterol sulfate,11
hypotensionivf,11
hypertensionmetoprolol,11
painoxycodone-acetaminophen,11
chflasix,11
paintylenol,11
hypothyroidismlevothyroxine,10
seizuredilantin,10
infectionantibiotic,10
nausealorazepam,9
wheezingalbuterol,9
cadasa,9
ctcontrast,9
agitationhaldol,9
prophylaxisheparin,9
nauseazofran,8
seizurekeppra,8
anemiaprbcs,8
constipationpolyethylene glycol 3350,8
afibamiodarone,7
diabetes mellitusinsulin,7
dyspneaalbuterol sulfate,7
cadstatin,7
wheezealbuterol,7
pain controldilaudid,7
hypotensionpressor,7
agitationativan,7
paingabapentin,7
atrial fibrillationamiodarone,7
constipationcolace,7
cadplavix,7
hypotensiondopamine,7
diarrhealomotil,7
htnlisinopril,7
pneumoniavancomycin,7
anxietyativan,7
shortness of breathalbuterol sulfate,7
pafcoumadin,6
dvtcoumadin,6
dvtlovenox,6
constipationmilk of magnesia,6
dmlantus,6
hyperglycemiainsulin,6
hyperkalemiainsulin,6
seizureativan,6
coronary artery diseaseaspirin,6
anxietyclonazepam,6
hypertensionlisinopril,6
nauseaprochlorperazine maleate,6
htnhctz,5
anticoagulationcoumadin,5
htnmetoprolol,5
cellulitisantibiotic,5
hapvanc,5
painibuprofen,5
hyperlipidemiastatin,5
dvt prophylaxisheparin,5
hypotensivedopamine,5
sedationpropofol,5
insomniatrazodone,5
seizuremidazolam,5
uticeftriaxone,5
thrombocytopeniaplatelet,5
uticiprofloxacin,5
pneumoniazosyn,5
constipationlactulose,5
gi bleedppi,5
nauseacompazine,5
metastatic melanomail-2,5
capazithromycin,5
atrial fibrillationwarfarin,5
anticoagulationheparin,5
hepatorenal syndromemidodrine,5
painpercocet,5
hypotensivepressor,5
gi bleedprbcs,5
constipationdulcolax,4
utilevofloxacin,4
uticefepime,4
hypoglycemiainsulin,4
painvicodin,4
hypotensionlevophed,4
line infectionvancomycin,4
encephalopathylactulose,4
gassimethicone,4
sedatedfentanyl,4
dmglyburide,4
painpain medication,4
copdalbuterol,4
dminsulin,4
c. diffflagyl,4
acute lymphoblastic leukemiarituximab,4
depressionsertraline,4
hypoxiao2,4
hepatic encephalopathylactulose,4
dvtheparin,4
a-fibcoumadin,4
afibmetoprolol,4
pulmonary embolismcoumadin,4
pecoumadin,4
constipationmagnesium hydroxide,4
sobipratropium bromide,4
sedatedpropofol,4
painanalgesic,4
hypernatremiad5w,4
mrsavancomycin,4
urinary tract infectionantibiotic,4
seizurefosphenytoin,4
back painibuprofen,4
ppxppi,4
hcapvancomycin,4
anemiaprbc,4
sepsisflagyl,4
raprednisone,4
hcapcefepime,4
hapflagyl,4
agitatedativan,4
htnhydralazine,4
constipationpolyethylene glycol,4
hypotensiveivf,4
asthmaalbuterol,4
fevertylenol,4
mssavancomycin,4
headachetylenol,4
painhydrocodone-acetaminophen,4
sepsisvancomycin,4
cadsimvastatin,4
rashhydrocortisone,4
asthmaadvair,4
breakthrough painmorphine,4
bradycardiaatropine,4
aspirationvanc,4
wheezingduoneb,4
coughguaifenesin,4
atrial fibrillationmetoprolol,4
dm2insulin,4
cadaspirin,4
pelovenox,4
pneumoniaflagyl,4
painultram,4
caplevofloxacin,3
hypertensionamlodipine,3
febrilevancomycin,3
itchingbenadryl,3
copdsteroid,3
anxietyklonopin,3
diarrhealoperamide,3
hyperkalemiaglucose,3
pcpatovaquone,3
temporal arteritisprednisone,3
sobalbuterol,3
fevervancomycin,3
pneumoniaceftriaxone,3
acute renal failureivf,3
blood pressuremetoprolol,3
diabetic ketoacidosisinsulin,3
wheezeipratropium bromide,3
wheezingipratropium-albuterol,3
itchingcamphor-menthol,3
hypokalemiapotassium,3
hypothyroidlevothyroxine,3
nauseareglan,3
rate controldiltiazem,3
foot infectionantibiotic,3
infectionvancomycin,3
atrial fibrillationdiltiazem,3
cardiogenic shockdopamine,3
rll pneumoniavancomycin,3
insomnialorazepam,3
afibamio,3
chest painmorphine,3
copdprednisone,3
pneumonialevaquin,3
chest painnitro,3
tia 'splavix,3
htnamlodipine,3
gastric ulcerppi,3
anxietyxanax,3
anxietyalprazolam,3
immunosuppressioncellcept,3
blood pressureamlodipine,3
line flushheparin flush,3
loose stoolloperamide,3
hypertensionhctz,3
hypothyroidismsynthroid,3
coagulopathyvitamin k,3
painfentanyl,3
bphflomax,3
neutropenic fevercefepime,3
shortness of breathalbuterol,3
hypotensiven,3
sedationversed,3
anemiaferrous sulfate,3
diabetic ketoacidosisfluid,3
constipationfleet enema,3
painoxycontin,3
capceftriaxone,3
pneumoniavanco,3
pneumoniaazithro,3
sepsisceftriaxone,3
c.diffflagyl,3
rashbenadryl,3
dyspneaipratropium bromide,3
pseudomonasceftazidime,3
aspiration pneumoniavancomycin,3
bphtamsulosin,3
aspiration pneumonialevofloxacin,3
copdatrovent,3
constipationmiralax,3
coughbenzonatate,3
rate controlmetoprolol,3
nsclctarceva,3
dm iiinsulin,3
mrsa bacteremiadaptomycin,3
melanomail-2,3
dmiiinsulin,3
schizoaffective disorderseroquel,3
copdazithromycin,3
pain controlfentanyl,3
aspirationflagyl,3
multifocal pnaflagyl,3
rll pneumonialevofloxacin,3
dvt prophylaxislovenox,3
hepatorenal syndromeoctreotide,3
hospital acquired pneumoniacefepime,3
pneumonialevofloxacin,3
pain controltylenol,3
peheparin,3
lower extremity dvtcoumadin,3
anxietytrazadone,3
renal transplantprednisone,3
line flushsodium chloride,3
multifocal pnavanc,3
pneumonialevo,3
diuresedfurosemide,3
lgibffp,3
chfmetoprolol,3
agitationseroquel,3
vapcefepime,3
cadbb,3
dm iiglargine,3
cellulitisvancomycin,3
mrsa bacteremiavancomycin,3
multiple myelomavelcade,3
myastheniamestinon,2
myastheniapyridostigmine,2
dm2glyburide,2
rashmiconazole,2
wheezingalbuterol-ipratropium,2
sedationbenzodiazepine,2
hypotensivevasopressor,2
confusionhaldol,2
primary hypothyroidismsynthroid,2
colitisflagyl,2
itchingdiphenhydramine hcl,2
perioperativeantibiotic,2
rate controlcarvedilol,2
colitislevofloxacin,2
abdominal painppi,2
lower extremity edemalasix,2
hyponatremian,2
coughrobitussin,2
insomniaclonazepam,2
tiacoumadin,2
hypotensionneosynephrine,2
dmiiglyburide,2
febrile neutropeniaambisome,2
febrile neutropeniafluconazole,2
agitationolanzapine,2
rashdiphenhydramine hcl,2
aspiration pneumoniaantibiotic,2
pain controlnarcotic,2
type 2 dminsulin,2
dm iihypoglycemics,2
uticiprofloxacin hcl,2
intubationmidazolam,2
dm2glipizide,2
intubationfentanyl,2
intubationsucc,2
intubationetomidate,2
severe painoxycodone,2
positive blood culturevancomycin,2
diuresistorsemide,2
hemostasisepinephrine,2
rashsarna,2
urinary tract infectionceftriaxone,2
hyperkalemiakayexalate,2
dm iimetformin,2
bradycardiaglucagon,2
heart failuredobutamine,2
hypoxialasix,2
chronic painnarcotic,2
stridorracemic epi,2
hypertensionspironolactone,2
painvalium,2
osteoporosisvitamin d,2
osteoporosiscalcium,2
migraine headachesumatriptan,2
brbprprbcs,2
chemotherapyfolic acid,2
anemiafolic acid,2
blood clotcoumadin,2
glaucomatimolol maleate,2
diarrheabismuth subsalicylate,2
gi prophylaxisppi,2
antipsychoticseroquel,2
rashtriamcinolone acetonide,2
hypertensionclonidine,2
bilateral expiratory wheezingcombivent,2
bilateral expiratory wheezingsolumedrol,2
bp wa still highlabetolol,2
sbp in 200-210nitroprusside,2
anxietyklonipin,2
volume overloadlasix,2
haplevo,2
s/p mechanical mvrplavix,2
s/p mechanical mvrcoumadin,2
anti-coagulationcoumadin,2
mechanical mv replacementcoumadin,2
gerdppi,2
consitpationbisacodyl,2
vomitingcompazine,2
painmorphine sulfate,2
hypotensivelevophed,2
headachefioricet,2
anaphylaxisepipen,2
pneumoniaaugmentin,2
nauseaoctreotide,2
headacheacetaminophen,2
locally advanced pancreatic caoxaliplatin,2
abdominal paindilaudid,2
staphylococcus epidermidisvancomycin,2
locally advanced pancreatic caxeloda,2
crampsimethicone,2
htnacei,2
urine outputlasix,2
afwarfarin,2
hct dropped to 22prbc,2
cpnitro,2
resuscitationfluid,2
blood thinnercoumadin,2
"pruritic , papular rashtriamcinolone",2
sepsiscefepime,2
zosteracyclovir,2
lll pneumoniavancomycin,2
meningitisvanc,2
meningitisctx,2
utivanc,2
aspiration pneumoniaflagyl,2
vzvacyclovir,2
seizureanti-seizure medication,2
generalized seizuredilantin,2
antiarrhythmicdofetilide,2
diabetes mellituslantus,2
diabetes : type iiinsulin,2
diabetes : type iii,2
foot infectionlinezolid,2
enterococcusvancomycin,2
cvaheparin,2
utibactrim,2
anasarcafurosemide/metolazone,2
hematomaprbcs,2
ct abdomencontrast,2
itchinghydrocortisone,2
thrushnystatin,2
pulmonary embolismlovenox,2
copdmontelukast,2
copdflovent,2
anxietyclonopin,2
incisional paindilaudid,2
aidhaart,2
atrial fibrillationlovenox,2
vredaptomycin,2
thyroid cancerradioactive iodine,2
sleeplorazepam,2
bleedprbc,2
diabetes mellitusi,2
acute renal failurefluid,2
pneumoniaantiobiotics,2
urinary retentionbactrim,2
coronary artery diseasestatin,2
supraventricular tachycardiametoprolol,2
shortness of breathduoneb,2
wheezingoxygen,2
hsvacyclovir,2
constipationstool softener,2
nauseaondansetron,2
anticoagulationwarfarin,2
hypovolemiafluid,2
afibflecainide,2
blood pressuretoprol,2
afibwarfarin,2
abdominal paindonnatol,2
post procedure painpain medication,2
constipatedmetamucil,2
anticoagulationlovenox,2
hepatorenal syndromealbumin,2
urinary retentionterazosin,2
hepatic encephalopathyrifaximin,2
body rashtriamcinolone acetonide,2
stab to luqrbc,2
seizurelorazepam,2
seizurepropofol,2
infectionzosyn,2
inr wa correctedvitamin k,2
pneumoniaazithromycin,2
hx of heavy etoh abuseativan,2
hematomaffp,2
diabetes mellitus iihypoglycemics,2
hyperlipidemiasimvastatin,2
fluid overloadlasix,2
goutallopurinol,2
htnatenolol,2
pulmonary edemalasix,2
constipatedmilk of magnesia,2
latent tbinh,2
cardiogenic shockpressor,2
hepatitis blamivudine,2
"line flushheparin , porcine ( pf )",2
neutropenic feverflagyl,2
rectal cancerchemotherapy,2
sboivf,2
pnalevoquin,2
back paintylenol,2
resistent bacterial pnavanc,2
resistent bacterial pnaazithro,2
hivhaart,2
back paintramadol,2
coughdextromethorphan-guaifenesin,2
asthmaazithromycin,2
cadcarvedilol,2
depressionklonopin,2
adrenal insufficiencyprednisone,2
crohn 's diseaseprednisone,2
sepsiszosyn,2
afiblopressor,2
sepsispressor,2
peargatroban,2
hitargatroban,2
hitcoumadin,2
hypokalemiaspironolactone,2
dvt ppxheparin,2
urinary tract infectionlevofloxacin,2
device infectionvancomycin,2
device infectionlinezolid,2
chronic atrial fibrillationcoumadin,2
crohn diseaseprednisone,2
prophylaxisacyclovir,2
aspiration pnaflagyl,2
cadlisinopril,2
cadmetoprolol,2
anticoagulationfondaparinux,2
scalp rashfluocinonide,2
itchdiphenhydramine,2
painnarcotic,2
tachycardia to the 120 'sadenosine,2
hypoxicoxygen,2
bmtbactrim,2
gibppi,2
htnbb,2
mechanical heart valvecoumadin,2
painmethadone,2
painroxicet,2
hypotensivefluid,2
depressioncelexa,2
pain controlmorphine,2
sedatedversed,2
recurrent stage iiic papillary serous ovarian cabevacizumab,2
hyperkalemiabicarb,2
recurrent stage iiic papillary serous ovarian cagemcitabine,2
hyperkalemiad50,2
pulmonary hypertensionsildenafil,2
tachycardiaadenosine,2
cravingnicotine,2
relapsing dzmitoxantrone,2
tlallopurinol,2
pneumoniavanc,2
adrenal insufficiencydecadron,2
fenn,2
mental status changehaldol,2
pneumoniabroad spectrum antibiotic,2
rashtriamcinolone,2
painlidocaine,2
bphfinasteride,2
foot ulcercipro,2
foot ulcerzosyn,2
svtamiodarone,2
anemiablood,2
rashclobetasol,2
possible pneumoniaflagyl,2
arflasix,2
recurrent stage iiic papillary serous ovarian cacarboplatin,2
goutprednisone,2
allmtx,2
inr of 2.6vitamin k,2
sbp in the 170slabetalol,2
pnaceftriaxone,2
depressionwellbutrin,2
hsv encephalitisacyclovir,2
seizurephenobarbital,2
"diabetes , type 2insulin",2
htnvalsartan,2
hypertensionanti-hypertensives,2
rejectionprednisone,2
seizure prophylaxisdilantin,2
stenotrophomonas pnabactrim,2
pulmonary emboluslovenox,2
aspirationzosyn,2
wheezingproair hfa,2
arfivf,2
high cholesterolatorvastatin,2
pcpfluconazole,2
diabetes mellitusglargine,2
diuresismilrinone,2
shortness of breathcombivent,2
wheezingcombivent,2
subsegmental pecoumadin,2
hypotensionivfs,2
gvhdcellcept,2
wheezingatrovent,2
paintramadol,2
hypernatremiafree water,2
prophppi,2
neutropenic fevervancomycin,2
c.difflagyl,2
pcpbactrim,2
induction immunosuppressionsolumedrol,2
lgibprbc,2
hypertensionace-i,2
capvancomycin,2
gastric ulcerprbcs,2
hypertensionblood pressure medication,2
anemiaepo,2
lymphoblastic lymphomar-chop,2
utivancomycin,2
painacetominophen,2
painadvil,2
insomniazolpidem,2
sternal painanalgesic,2
pancytopenianeupogen,2
hospital acquired pneumoniavanc,2
gibffp,2
pseudomonasmeropenem,2
cvaasa,2
stentplavix,2
hyperkalemicinsulin,2
diarrheaimodium,2
copdoxygen,2
supratherapeutic inrvitamin k,2
edemalasix,2
a line infectionvanco,2
back painmorphine,2
back painmethadone,2
left phantom limb paingabapentin,2
vapvancomycin,2
anti-coagulationwarfarin,2
tempacetaminophen,2
anxietyhaloperidol,2
sepsisvanco,2
utizosyn,2
severe bipolar disordercelexa,2
a-fibaspirin,2
severe bipolar disorderlamictal,2
repletionpotassium,2
agitatedhaldol,2
chest pain radiating to the jawnitroglycerin,2
uticipro,2
cpnitroglycerin,2
atrial fibrillationdofetilide,2
ventilator associated pneumoniaantibiotic,2
hydrationivf,2
coagulopathyffp,2
rashmiconazole nitrate,2
insomniamirtazapine,2
vapvanco,2
chronic painmethadone,2
rigordemerol,2
copdadvair,2
hyperlipidemiarosuvastatin,2
copdo2,2
cellulitiskeflex,2
pulmonary emboluscoumadin,2
afcoumadin,2
af with rvrdilt,2
seizurephenytoin,2
adrenal insufficiencysteroid,2
polymyalgia rheumaticaprednisone,2
coronary artery diseaselipitor,2
acute myelogenous leukemiachemotherapy,2
subtherapeutic inrlovenox,1
breakthroughhydromorphone,1
hyperkalemiasodium bicarbonate,1
goal o2 sat of 95 % or highersupplemental oxygen,1
vapmeropenem,1
esbl e. colimeropenem,1
elevated pthsensipar,1
aggressive pain controldilaudid,1
back painultram,1
resuscitationpacked red blood cell,1
infectionvanco,1
diuresisdiamox,1
prolonged qtflecainide,1
infectionflagyl,1
worsening multifocal pneumoniavanco,1
worsening multifocal pneumoniazosyn,1
gnrmeropenem,1
rigidcogentin,1
chronic vaginal itchingpremarin,1
hallucinationkeppra,1
chflisinopril,1
acute lung injurylasix,1
abdominal painoxycodone,1
resistant organismcefepime,1
wheezingipratropium bromide,1
maculo papular rashbenedryl,1
allergic reactionpepcid,1
hypertensiondiltiazem,1
k wa 6.0kayexalate,1
pafdiltiazem,1
allergic reactionsolumedrol,1
pafmetoprolol,1
obstructive/restrictive lung diseaseadvair,1
di/endocrineddavp,1
allergic reactionbenadryl,1
bloody diarrheaflagyl,1
sedationhaldol,1
sedationativan,1
multiple myelomadecadron,1
maculo papular rashsarna,1
non-pseudomonas gram negative rodlevofloxacin,1
sedationdilaudid,1
meningitisceftriaxone,1
paroxysmal afibcoumadin,1
diabetes insipidusddavp,1
multiple myelomazometa,1
mental status changecogentin,1
positive uaciprofloxacin,1
mmdecadron,1
diddavp,1
resistant organismvanco,1
multiple myelomadexamethasone,1
hyperkalemiakayexelate,1
crohn 'sasacol,1
enterococcal bacteremiavanco,1
right basilic vein thrombosisheparin,1
right basilic vein thrombosiscoumadin,1
aml with history of gvhdcellcept,1
aml with history of gvhdprednisone,1
aml with history of gvhdcyclosporine,1
inr normalizedvit k,1
amltbi,1
gvhdsteroid,1
sleeptrazodone,1
amlcytoxan,1
diuresedalbumin,1
diuresedchlorthiazide,1
diuresedmetolazone,1
hd catheter infectionvancomycin,1
biv pacercoumadin,1
c. diff colitisflagyl,1
inr normalizedffp,1
stent managementguaifenesin,1
poor respiratory efforto2,1
chronic anxietyativan,1
diabetes type iilantus,1
systolic chfivf,1
a potential blood clot in your lungblood thinner,1
blood clotblood thinner,1
move your bowelsenna,1
move your bowelpolyethylene glycol,1
escherichia colicefazolin,1
diffuse body paindilaudid,1
systolic chfffp,1
pulmonary embolismargatroban,1
ventilator-associated pneumoniavanc,1
ventilator-associated pneumonialevo,1
ctoptiray contrast,1
respiratory distresso2,1
unresponsiveo2,1
heme positive stoolppi,1
hyperparathyroidismbisphosphonate,1
eye paincyclosporin,1
heart burnnexium,1
ua wa grossly positivecipro,1
to control phosphorus because of kidney failurefosrenal,1
relapsing dzetopiside,1
relapsing dzcytarabine,1
acute appendicitislevofloxain,1
boopoxygen,1
epigastric discomfortprotonix,1
gastritisprotonix,1
gastritisnexium,1
high potassium levelkayexalate,1
possible pneumonialevo,1
mouthcarechlorhexidine gluconate,1
possible pneumoniaceftriaxone,1
possible pneumoniaazithromycin,1
consitpationsenna,1
amlchemotherapy,1
heart burnprotonix,1
eye painartificial tear,1
congestive heart failureaspirin,1
eye painrefresh,1
vitamin d deficiencyvitamin d,1
vitamin d deficiencycalcium,1
known hyperkalemiad50,1
known hyperkalemiaabuterol,1
amlidarubicin,1
amlara-c,1
aspergillosis of the sinus/naresvoriconazole,1
acute appendicitismetronidazole,1
acute appendicitismeropenem,1
acute appendicitisdaptomycin,1
sarcoidsteroid,1
hyperkalemickayexalate,1
hyperkalemicd50,1
congestive heart failurebeta-blocker,1
relapsing dzara-c,1
esbl urine cx resultmeropenem,1
atrial fibrillationanti-coagulated,1
acute renal insufficiencyoctreotide,1
agitationoxazepam,1
sbp prophylaxislevofloxacin,1
encephalopathyrifaximin,1
acute alcoholic hepatitisursodiol,1
acute alcoholic hepatitispentoxyfilline,1
hct 25.9prbc,1
acute renal insufficiencymidodrine,1
platelet of 37kplatelet,1
infected cystabx,1
adrenal insufficiencychronic steroid replacement,1
sbp prophylaxisoctreotide,1
dm iissi,1
positive urinary tract infectionceftin,1
chronic painbenzodiazepine,1
post herpetic neuralgiagabapentin,1
urinary tract infectionciprofloxacin,1
hypotensionn,1
ivf filteranticoagulated,1
ivc filteranticoagulation,1
chronic painpain medication,1
diureselasix,1
elevated glucoseinsulin,1
blood pressurediltiazem,1
stop the bleedingprotamine,1
a-fibasa,1
svtbeta blocker,1
svtdiltiazem,1
diastolic dysfunctiondiltiazem,1
controlling your heart ratemetoprolol,1
controlling your heart ratediltiazem,1
svtasa,1
pressure supportmidodrine,1
enterococcusamoxicillin,1
serratiacipro,1
the utiantibiotic,1
hapantibiotic,1
painneurontin,1
leg spasmbaclofen,1
pafamio,1
drop hctprbcs,1
indigestiontum,1
sepsisclindamycin,1
toxic shock syndrome with septic shockvasopressor,1
bp down to 85/47ivf,1
mild acute renal failurefluid,1
parasitic infectionivermectin,1
tb therapyinh,1
tb therapypza,1
tb therapyrifabutin,1
oral thrushnystatin,1
lymphomachemotherapy,1
chronic anemiaepo,1
pulmonary tuberculosisinh,1
pulmonary tuberculosisrifampin,1
brbpr w. clotprbcs,1
ischemic colitisv,1
musculoskeletal paincelecoxib,1
ischemic colitisz,1
iron deficiency anemiaferrous sulfate,1
depressionfluoxetine,1
multifocal pneumoniacefepime,1
multifocal pneumoniavancomycin,1
migraine headacheacetaminophen,1
non-hodgkin 's t cell lymphomarituximab,1
sepsis protocolcefepime,1
sepsis protocollevofloxacin,1
prophylaxisbactrim,1
hydratedn,1
sbps 80levofed,1
sbps 80dopamine,1
resusitatedivf,1
low bpdopa,1
klebsiella utimeropenem,1
diuresemetolazone,1
tlrasburicase,1
fe deficient anemiairon,1
st elevationnitroglycerin,1
pruritushydroxyzine,1
heart failuremilrinone,1
deep vein thrombosiswarfarin,1
mssa bacteremianafcillin,1
bronchospasmprednisone,1
hcapazithromycin,1
h/o dvtcoumadin,1
constiaptiondulcolax,1
toxic metabolic encephalopathyhaldol,1
anaphylaxispromethazine,1
asthmasteroid,1
hypertensiontoprol,1
chronic back painnortryptaline,1
hgba1c is 7.9hypoglycemics,1
cadtoprol,1
desensitizationaspirin,1
hfdobutamine,1
iron deficitferric gluconate,1
esbl urine cx resultvanco,1
anemiaavastin,1
paroxysmal atrial fibrillationflecainide,1
bipolar disorderantipsychotic,1
bipolar disorderssri,1
fever .acetaminophen,1
gnrvancomycin,1
inotropic effectdobutamine,1
low codobutamine,1
acute on chronic renal failuretorsemide,1
uremia-related pruritushydroxyzine,1
uremia-related pruritussarna,1
afterload reductionhydralazine,1
afterload reductionisordil,1
peripheral iv-associated mssa bacteremianafcillin,1
peripheral iv-associated mssa bacteremiacefazolin,1
peripheral iv-associated mssa bacteremiaantibiotic,1
desensitizationasa,1
anaphylaxispepcid,1
anaphylaxisbenadryl,1
seize 1-2 timeativan,1
anti-seizurekeppra,1
stomach irritationprilosec,1
hypertensivelabetolol,1
blood pressurelabetalol,1
bilateral subdural hematomaantiepileptic,1
chest pain radiating to the jawaspirin,1
positive blood culturemeropenem,1
positive blood culturecefepime,1
better coverage of gut pathogenvancomycin,1
better coverage of gut pathogenzosyn,1
fungal pathogenmicafungin,1
gpcs in chainvancomycin,1
vre coveragedaptomycin,1
type ii dmmetformin,1
apmlatra,1
headachepain medication,1
seizedativan,1
neuropathynortryptaline,1
adhdadderal,1
incisional painanalgesic,1
pressure supportneo,1
orthotopic liver transplantpacked cell,1
pleuritic chest painibuprofen,1
pleuritic chest paintylenol,1
pleuritic chest painoxycodone,1
headacheoxycodone,1
chest painoxycodone,1
sahaspirin,1
mca aneurysm s/p coilingaspirin,1
chest pain radiating to the jawplavix,1
schizoaffective disordergabapentin,1
schizoaffective disordertrazodone,1
schizoaffective disorderbenzos,1
migrainebutalbital,1
diabetes type iii,1
alldexamethasone,1
e. coliciprofloxacin,1
angioedemaprednisone,1
inr wa correctedplasma,1
angiogedemasolumedrol,1
"angiogedemah1 , h2 blocker",1
acute kidney injuryivf,1
bp controlamlodipine,1
angioedemafexofenadine,1
angioedemafamotidine,1
inr wa > 20vitamin k,1
diccryoprecipitate,1
inr wa > 20ffp,1
anxiousvalium,1
parox afcoumadin,1
inr wa correctedprofilnine,1
inr wa correctedffp,1
paroxysmal atrial fibrilationcoumadin,1
cystitiscipro,1
history of a.fibpradaxa,1
hypotensionalbumin,1
afibasa,1
gi protectionzantac,1
dicred blood cell,1
finger stick wa 50d50,1
combativehaldol,1
urinary symptompyridium,1
carbapenemase-resistant e.colitetracycline,1
carbapenemase-resistant e.colicolistin,1
screaminghaldol,1
intercoursecialis,1
hematomaprbc,1
insomniaalprazolam,1
hepatocellular carcinomarifaximin,1
hepatocellular carcinomalactulose,1
leg were swelling with fluidspironolactone,1
leg were swelling with fluidlasix ( furosemide ),1
pneumoniaclindamycin,1
pain controllidocaine,1
atrial fibrillationasa,1
graf ' diseaseradioactive iodine,1
pafibpropafenone,1
pruritic rashsarna,1
paroxysmal atrial fibrillationpropafenon,1
chronic diastolic heart failurediltiazem,1
chronic diastolic heart failureenalapril,1
osteoarthritistylenol,1
osteoarthritisoxycodone,1
hct wa 26blood,1
bright red blood per rectumprbc,1
bright red blood per rectumffp,1
diverticular bleedffp,1
diverticular bleedprbc,1
bright red blood in your bowelred blood cell,1
extremity erythema and itchingbenadryl,1
stage i breast cancertamoxifen,1
breast catamoxifen,1
chads1aspirin,1
pleural effusionvanco,1
peenoxaparin,1
pleural effusionlevaquin,1
cystitisflagyl,1
afibpradaxa,1
copdtiotropium,1
low grade feveravelox,1
chest painnitroprusside,1
pneumoniamoxifloxacin,1
prior history of pecoumadin,1
esrdcalcitriol,1
esrdsevelamer,1
cadb-blocker,1
c diff colitisvanco,1
bilateral pleural effusionctx,1
bilateral pleural effusionvanco,1
bilateral pleural effusionlevaquin,1
pleural effusionctx,1
dicplatelet,1
dicfresh frozen plasma,1
hct of 18prbcs,1
possible bacterial suprainfectionlevofloxacin,1
diastolic heart failureenalapril,1
cellulitisdoxycycline,1
hypoglycemiad50,1
vascular congestionlasix,1
possible multifocal pneumonialinezolid,1
possible multifocal pneumoniacefepime,1
possible multifocal pneumonialevofloxacin,1
breakthrough painlidocaine,1
a-pacedepinephrine,1
tb treatmentisoniazid,1
glaucomalatanoprost,1
crohn 'sinfliximab,1
edemaoxygen,1
mrsa infectionantibiotic,1
metastatic adenocarcinomairinotecan,1
metastatic adenocarcinomagemcitabine,1
diastolic heart failurelasix,1
pulmonary edemail-2,1
asthma flareprednisone,1
dye reactionsolumedrol,1
to reduce his anxietyativan,1
hemorrhoid painhydrocortisone,1
itching related uremiabenadryl,1
terminal deliriumhaldol,1
htnranolazine,1
htnlabetolol,1
odynophagianarcotic,1
pneumoniafurosemide,1
empiricallyceftriaxone,1
empiricallyvancomycin,1
chffurosemide,1
pancytopenicneupogen,1
seizuregabapentin,1
gastritis prophylaxisomeprazole,1
drug reactionprednisone,1
prevent deep vein thrombosis ( blood clot )lovenox,1
parkinson 's diseaselevodopa,1
parkinson 's diseasecarbidopa,1
le graft coagulopathyanti-coagulation,1
type 2 dm : blood sugarhumalin,1
type 2 dm : blood sugarnph,1
hldsimvastatin,1
chronic back painpercocet,1
hypotensiveglucagon,1
hypotensiveatropine,1
bradycardiadopamine,1
hratropine,1
hrepinephrine,1
hypotensionepinephrine,1
junctional rhythm in the 20atropine,1
carbapenemase-resistant e.colinitrofurantoin,1
carbapenemase-resistant e.coliamikacin,1
hepatorenal syndromeoctreotride,1
a-pacedphenylephrine,1
type 2 dm : blood sugarinsulin,1
urinary retentionflomax,1
bell ' palsyvaltrex,1
blood thinnerlovenox,1
low urine outputfluid,1
low urine outputalbumin,1
rate controlbeta blocker,1
prophylacticallybactrim,1
unable to voidterazosin,1
painpain med,1
anemiacrystalloid,1
anemiacolloid,1
parkinson 'scarbidopa-levodopa,1
bphterazosin,1
lll pnaflagyl,1
lll pnaaugmentin,1
bplabetalol,1
haasa,1
sbp > 160hydralazine,1
healthcare-associated pneumoniaantibiotic,1
reactive airway diseaseprednisone,1
reactive airway diseasebronchodilator,1
fluid oveloadedlasix,1
headacheibuprofen,1
pneumocystis carinii prophylaxisbactrim,1
possible pcp infectionprednisone,1
possible pcp infectionbactrim,1
community-acquired pneumonialevofloxacin,1
sedatedlorazepam,1
pcp prophylaxisdapsone,1
pcpvalcyte,1
shortness of breathduoneb ( ipratropium-albuterol ),1
induction immunosuppressioncellcept,1
supratherapeutic inrfresh frozen plasma,1
hroctreotide,1
hralbumin,1
hrmidodrine,1
sbp prophylaxiscipro,1
severe constipationlactulose,1
superficial phlebitiskeflex,1
hepatocellular carcinomaribavirin,1
hepatocellular carcinomainterferon,1
hepatitis c cirrhosisribavirin,1
e. faecalis infectiondapto,1
e. faecalis infectiongentamycin,1
infection in your bloodantibiotic,1
infection in your urineantibiotic,1
soblasix,1
pneumonitisdaptomycin,1
bacteremiadaptomycin,1
diabetesinsulin,1
manage his sugarinsulin,1
hypoglycemiadextrose 50 % in water ( d50w ),1
anxietyoxazepam,1
bleedingthrombin,1
prophylaxislevofloxacin,1
testcosyntropin,1
hepatitis c cirrhosisinterferon,1
low hctprbc,1
bleedingconjugated estrogen,1
bleedingvitamin k,1
alldaunorubicin,1
pulmonary tuberculosisstreptomycin,1
alll-asparaginase,1
esrdvancomycin,1
allcyclophosphamide,1
allcytarabine,1
allmercaptopurine,1
therapeutic inrheparin,1
abdominal painsimethicone,1
embolic strokecoumadin,1
leukemiasteroid,1
leukemiamycophenolate mofetil,1
abdominal painbentyl,1
prevent infectionbactrim,1
abdominal paindicyclomine,1
asciteslasix,1
allvincristine,1
diuresedmilrinone,1
hemorrhoidhydrocortisone,1
cadace,1
limb painlidoderm,1
demand ischemiaplavix,1
demand ischemiastatin,1
demand ischemiaaspirin,1
demand ischemiametoprolol,1
diffuse alveolar hemorrhageprednisone,1
left phantom limb painultram,1
chest pressurenitroglycerin,1
mild congestive heart failurelasix,1
antispasmodic effectbentyl,1
peripheral edemalasix,1
gvhdsolumedrol,1
cadbeta-blocker,1
tachycardiabeta blocker,1
gvhdprednisone,1
poor preloadfluid,1
tachycardiafluid,1
endocarditisgentamicin,1
peaivfs,1
peaatropine,1
peabicarb,1
yeastfluconazole,1
line flushheparin ( porcine ),1
irritationpolyvinyl alcohol-povidone,1
blood culture positive for gnrzosyn,1
persistent htnlisinopril,1
ivc thrombusheparin ( porcine ),1
peri-operativeantibiotic,1
clot in your veinblood thinner,1
seizurevimpat,1
metastatic breast cancer to the brainherceptin,1
seizuredepakote,1
seizurezonisamide,1
seizuretopamax,1
peainsulin/d50,1
peaepinephrine,1
anti-seizuredilantin ( phenytoin ),1
ivc thombusheparin,1
deliriumlithium,1
shortness of breathipratropium-albuterol,1
shortness of breathproair hfa,1
deliriousativan .,1
wheezingduoneb ( ipratropium-albuterol ),1
deliriousnarcotic,1
severe agitationhaldol,1
severe agitationativan .,1
pseudomonas uticefepime,1
line infectionlinezolid,1
abdominal discomfortdarvocet,1
labile blood pressuresteroid,1
hypertensivelabetalol,1
hypertensivehydralazine,1
maintenance of transplanted kidneyprednisone,1
ademsteroid,1
fever of unknown originvanco,1
endocarditisdaptomycin,1
night sweatvancomcyin,1
night sweatvoriconazole,1
night sweatmeropenem,1
anemiaazacitidine,1
a.fibcoumadin,1
her seizureativan,1
a. fibcoumadin,1
inr 2.3ffp,1
sbp up to 200snicardipine,1
left phantom limb painlidocaine,1
hypertensionnicardipine,1
cholesterol 240atorvastatin,1
tgcs 111atorvastatin,1
hdl 41atorvastatin,1
ldl 177atorvastatin,1
prophylaxisphenytoin,1
night sweatazithromycin,1
neutropenianeupogen,1
fever of unknown originzosyn,1
sideroblastic anemiaprbc,1
painbutalbital-acetaminophen-caff,1
lower extremity dvtlovenox,1
iron deficiencyferrous sulfate,1
orthostaticmidodrine,1
orthostaticfludrocortisone,1
hsv meningitisacyclovir,1
recurrent fevermeropenem,1
recurrent fevervoriconazole,1
recurrent feverazithromycin,1
recurrent fevervancomcyin,1
pnuemoniaantibiotic,1
bronchospasmalbuterol,1
sideroblastic anemiaazacitidine,1
profound anemiaprbc,1
mdprbc,1
pulmonary tuberculosispyrazinamide,1
diuresislasix ),1
tbpyrazinamide,1
copd flarevancomycin,1
utilevaquin,1
possible copd flarevancomycin,1
possible copd flarectx,1
possible copd flareazithromycin,1
mrsa urine/blooddoxycycline,1
mrsa urine/bloodvanc,1
a utilevaquin,1
copd flarectx,1
early multifocal pnaazithromycin,1
copd flareazithromycin,1
edemafurosemide,1
increased respiratory effortsolumedrol,1
increased respiratory effortcombivent,1
hr controllopressor,1
hd stabilitydopamine,1
early multifocal pnavancomycin,1
blood pressure rose back to 200hydralazine,1
blood pressure rose back to 200hctz,1
afib/flutter with hr in 100bb,1
bp wa still highlisinopril,1
air hungermorphine sulfate,1
tachtpneicneb,1
respiratory statusneb,1
left sided cpntg,1
ateral st depressionheparin,1
elevated blood glucose levelinsulin,1
afib/flutter with hr in 100amiodarone,1
diabetes mellitusnph,1
hemorrhageerythromycin,1
headachepercocet,1
headachenitroprusside,1
afib/flutter with hr in 100digoxin,1
htnnitroprusside,1
blood pressure rose back to 200labetalol,1
blood pressure rose back to 200nitroglycerin,1
early multifocal pnazosyn,1
wheezingprednisone,1
better rate controldilt,1
neuroleptic malignant syndromeativan,1
paranoidhaldol,1
afibbb,1
antipsychotichaldol,1
urinary tract infectionvanc,1
urinary tract infectioncefepime,1
urinary tract infectionflagyl,1
neuroleptic malignant syndromecogentin,1
dm2med,1
diastolic chflasix,1
masked faciesantipsychotic,1
resting tremorantipsychotic,1
masked facieshaldol,1
resting tremorhaldol,1
osteoporosisraloxifene,1
tobacco abusenicotine,1
migrainesumatriptan succinate,1
paranoidseroquel,1
cad s/p miplavix,1
candidal rashmiconazole,1
restrictive lung diseaseadvair,1
edemadexamethasone,1
phos of 2.4neutraphos,1
seizurediazepam,1
mg 1.5magnesium,1
cog-wheel rigidityseroquel,1
cog-wheel rigidityhaldol,1
hypertensionlosartan,1
hypertensionfurosemide,1
afibverapamil,1
hypercholesterolsimvastatin,1
cadclopidogrel,1
restrictive lung diseasealbuterol,1
restrictive lung diseaseipratropium,1
restrictive lung diseasetiotropium,1
restrictive lung diseasesymbicort,1
prophheparin,1
volume overloadedlasix,1
tbrifampin,1
clinical seizureddilantin,1
mrcontrast,1
sbp decreaseamiodarone,1
debridementvancomycin,1
episode of svto2,1
sinus tachymetoprolol,1
hiatal herniaomeprazole,1
generalized seizurephenobarbital,1
clinical seizuredphenobarbiltal,1
cmv viremiavalganciclovir,1
lll pnuemonialevaquin,1
lll pneumonialevaquin,1
c.difvalganciclovir,1
intubatedetomidate,1
"pruritic , papular rashclobetasol",1
hypercalcemiazometa,1
hypercalcemiaivf,1
pain of the left lower extremity and backnarcotic,1
gassy painsimethicone,1
depressionativan,1
ransaid,1
bacteremiavancomycin,1
h/o ramethotrexate,1
h/o raenbrel,1
h/o raprednisone,1
paralyzedetomidate,1
episode of svtamiodarone,1
positive for mssanafcillin,1
positive for mssavancomycin,1
multiple abcessesvancomycin,1
perianal ulceracyclovir,1
paralyzedsuccinylcholine,1
raenbrel,1
ramethotrexate,1
raindomethacin,1
rasulfadiazine,1
cmv viremiaflagyl,1
pnavanc,1
mssaoxacillin,1
personality changelinezolid,1
mild pruritisanti-itch cream,1
hypotensionhydration,1
sob/wheezeipratropium bromide,1
decreased uopfluid,1
pnacipro,1
personality changecelexa,1
personality changeremeron,1
hapzosyn,1
pnactx,1
tc seizuredilantin,1
incr inr to 4vit k,1
pnaox,1
pnaceft,1
septic shockgent,1
septic shockctx,1
septic shockvanco,1
afibbeta blocker,1
anemiappi,1
cardiovascularasa,1
cardiovascularstatin,1
intubatedsuccinylcholine,1
agitatedversed,1
multifocal pnazosyn,1
multifocal pnalevo,1
aspirationlevo,1
personality changeritalin,1
a fib with rvr ( hr to 140s )dilt,1
paroxysmal afibdilt,1
bp controlmetoprolol,1
agitatedfentanyl,1
systolic chflasix,1
arf on crfivfs,1
hypovolemiaivfs,1
cvaaggrenox,1
cardiovascularbb,1
intubationsedative,1
radiofrequency ablationanesthesia,1
hr recoveringesmolol,1
pneumoniaunasyn,1
back painpercocets,1
asthma exacerbationprednisone,1
respiratory fatigueheliox,1
dyspnea and coughalbuterol,1
lumbar back painpercocet,1
nsclcnavelbine,1
nsclccetuximab,1
coronary artery diseaseplavix,1
severe nauseazofran,1
type ii dmi,1
htnverpamil,1
hyperlipidemialovastatin,1
diarrheaimmodium,1
shortness of breathalbuterol-ipratropium,1
itching from morphinebenadryl,1
severe nauseareglan,1
rsvneb,1
high blood pressurelisinopril,1
high blood pressurehydrochlorothiazide,1
asthma exacerbationsolumedrol,1
wart on footranitidine,1
neck abscessantibiotic,1
propionobacterium acnemeropenem,1
neck paindilaudid,1
neck abscessertapenem,1
worsening infectionmeropenem,1
pain controlhydromorphone,1
infectiondaptomycin,1
myositisdaptomycin,1
mrsa lung abscesslinezolid,1
asthma exacerbationceftriaxone,1
asthma exacerbationazithro,1
asthma exacerbationheliox,1
asthma exacerbationsingulair,1
asthma exacerbationadvair,1
severe nauseacompazine,1
hamorphine,1
dvt prophylaxiscoumadin,1
vomitingmetoclopramide,1
ckdsevelamer,1
blood pressurehydralazine,1
vomitingreglan,1
vomitingzofran,1
vmetoclopramide,1
vcompazine,1
vzofran,1
bp controlneosynephrine,1
somnolencenarcan,1
tachycardialopressor,1
fevercipro,1
feverflagyl,1
resp distresslasix,1
paincodeine sulfate,1
post myocardial infarctionaspirin,1
post myocardial infarctionplavix,1
nauseametoclopramide,1
nzofran,1
ncompazine,1
nmetoclopramide,1
dm1hiss,1
neuropathygabapentin,1
chronic left flank painlidocaine,1
depressioncitalopram,1
headacheverapimil,1
anti-nausea medicationreglan,1
flank painlidocaine,1
headacheverapamil,1
headachedilaudid,1
headachereglan,1
headachecompazine,1
cluster headacheoxygen,1
headachezofran,1
headachems-contin,1
headachetopomax,1
profuse diarrheaoctreotide,1
diarrheafluid,1
nauseaopium,1
rhinitisfexofenadine,1
feverantibiotic,1
sepsislevoquin,1
contact dermatitis in groinhydrocortisone,1
empericallyvancomycin,1
ear waxcarbamide peroxide,1
coughazithromycin,1
diarrheaazithro,1
sneezingfexofenadine,1
pancreatic cachemotherapy,1
rolled back right eyeativan,1
poor po intakeivf,1
prophylaxisppi,1
heart burncalcium carbonate,1
carcinoma of lungcisplatin,1
carcinoma of lungetoposide,1
afib w/ rvrverapamil,1
hypothyroidismlevoxyl,1
hyponatremianacl,1
hyponatremianormal saline,1
bacterial meningitisceftriaxone,1
rheumatoid arthritisprednisone,1
afibsotalol,1
afib w/ rvrmetroprolol,1
fenivfs,1
lgibfluid,1
dvtplavix,1
dvtaspirin,1
lgibprbc 's,1
maintain a hematocrit near 30 %prbc 's,1
drainagekeflex,1
sternal drainagekeflex,1
feveracyclovir,1
feverceftriaxone,1
bacterial meningitisacyclovir,1
bacterial meningitisvancomycin,1
severe symptomatic anemiaepo,1
nsclcerlotinib,1
hct dropped to 22desmopressin,1
dyscomfortmidazolam,1
htnbeta-blocker,1
rle edemalasix,1
abdominal crampsimethicone,1
anxietymidazolam,1
sternal painultram,1
perioperativevancomycin,1
ventricular bigeminylidocaine,1
erythema and tenderness around the left svg harvest sitekeflex,1
systolic chface-i,1
hypertensionvalsartan,1
locally-advanced pancreatic cancergemcitabine,1
cerebrovascular accidentcoumadin,1
coronary artery diseasesimvastatin,1
blood pressurelevophed,1
sepsisantibiotic,1
tachycardicmetoprolol,1
diuresisniseritide,1
afib w/ rvrflecainide,1
chf/pulmonarylasix,1
uremic plateletplatelet,1
bleedingblood transfusion,1
symptomatic anemiaepo,1
excruciating flank paintoradol,1
excruciating flank painvicodin,1
gastric ulcerddavp,1
gastric ulcerplatelet,1
acute blood loss anemia due to gastric ulcer with bleedingepogen,1
flank painvicodin,1
left sided plank painvicodin,1
bleeding ulcerepinephrine,1
breakthourghpain med,1
blood pressure managementniseritide,1
blood pressure managementlasix,1
hypertensionace-inhibitor,1
maintain pressureivf,1
sobo2,1
improved hemostasislidocaine with epinephrine,1
bacterial infectionvancomcyin,1
gibprbcs,1
bacterial infectionzosyn,1
neutropenialevofloxacin,1
a fibdigoxin,1
dementianamenda,1
dementiaaricept,1
tia 'scoumadin,1
hcaplevofloxacin,1
anxietytrazodone,1
anxietyseroquel,1
anxietyzydis,1
hcapzosyn,1
copd with exacerbationalbuterol,1
hypercarbic respiratory distresso2,1
hcapnebulizer,1
copd exacerbationsteroid,1
polymyalgia rheumaticasteroid,1
chronic anticoagulationcoumadin,1
cvaanticoagulation,1
afanticoagulation,1
nsclcataxol,1
intermittent atrial tachycardiaatenolol,1
itchingfexofenadine,1
oral sorelidocaine hcl,1
shortness of breathformoterol fumarate,1
wheezingformoterol fumarate,1
nsclcachemo,1
parkinson 's diseasesinemet,1
parkinson 's diseasemirapex,1
parkinson 's diseasepramipexol,1
h/o afibcoumadin,1
h/o afibheparin,1
s/p biv pacer-vancomycin,1
gerdpantoprazole,1
panhypoptituitarismlevothyroxine,1
your blood pressurelisinopril,1
copd with exacerbationtioptrium,1
ppxh,1
sleepdoxepin,1
nauseaphenergan,1
agitationquetiapine fumarate,1
wheezesolumedrol,1
painroxanol concentrate,1
painimdur,1
paindiovan,1
bpvalsartan,1
empyemavancomycin,1
copd with exacerbationsteroid,1
empyemazosyn,1
stage iv breast cachemotherapy,1
sleeplibrium,1
constipationdocusate,1
sleepneurontin,1
difficulty coughingguaifenesin,1
sbp remained in 80 'sphenylephrine,1
sbp 83levo,1
peptic ulcer diseaseppi,1
paintoradol,1
nausea/ativan,1
anxietypercocet,1
low back painativan,1
low back painpercocet,1
back painlidocaine,1
back painlidoderm,1
copd exacerbationalbuterol/ipratropium,1
agitationclonopin,1
agitationhaloperidol,1
pain controllidoderm,1
anxietyhaldol,1
severe copdoxygen,1
copd exacerbationsolumedrol,1
copd exacerbationceftriaxone,1
copd exacerbationazithromycin,1
wheezingracemic epi,1
nsclcaavastin,1
nsclcacarboplatin,1
hypertensionchlorthalidone,1
health care associated pneumoniacefepime,1
opioid detoxmethadone,1
hypertensionpropranolol,1
essential tremorproprnaolol,1
gerdomeprazole,1
psychosisolanzapine,1
ventricular rate intermittently in 150slopressor,1
health care associated pneumoniavancomycin,1
atrial fibrillation with rapid ventricular ratemetoprolol,1
hypertensionatenolol,1
atrial fibrillation with rapid ventricular ratedilatiazem,1
acute on chronic kidney failureivf,1
c diff colitisflagyl,1
c diff colitisvancomycin,1
hcapantibiotic,1
temperature to 104vanco,1
temperature to 104meropenum,1
agoraphobiasertraline,1
presumed wernicke 'sthiamine,1
back painacetominophen,1
blood pressureanti hypertensive,1
tbinh,1
decrease serum uric acidrasburicase,1
her hypotensionivf,1
hypercholesterolemiafluvastatin,1
hypercholesterolemiapravastatin .,1
nasal stuffinessfluticasone,1
skin infection of the legantibiotic,1
stage iiia carcinosarcoma of the uterustaxol,1
stage iiia carcinosarcoma of the uteruscarboplatin,1
stage i mucinous carcinoma of the ovarytaxol,1
stage i mucinous carcinoma of the ovarycarboplatin,1
chflasix ),1
edema from fluid retentionlasix,1
asthmasingulair,1
uterine & ovarian cancerchemotherapy,1
temperature to 104antibiotic,1
dropped his bpfluid,1
klebsiella oxytocadapto,1
feveribuprofen,1
pruritishydroxyzine hcl,1
protect your stomachprotonix,1
myopericarditisibuprofen,1
adrenal crisissteroid,1
panhypopituitarismlevothyroxine,1
panhypopituitarismprednisone,1
"unresponsive , lethargicglucagon",1
saturation > 92oxygen,1
myo-pericarditisbeta blockade,1
fungusmiconazole nitrate,1
to maintain adequate map and urine outputfluid,1
to maintain adequate map and urine outputpressor,1
cbd stoneciprofloxacin,1
breast cataxol,1
breast caherceptin,1
vomitingativan,1
fevermotrin,1
klebsiella oxytocameropenum,1
feverfluid,1
indeterminate to mild acute cellular rejectionprograf,1
pancytopeniaepogen,1
sepsisvanc,1
sepsislevaquin,1
zoster related ear painneurontin,1
hyponatremicd5w,1
cadbeta blocker,1
overdryn,1
lll pnalevaquin,1
htnprazosin,1
htnprasozin,1
itchingsteroid,1
seizure prophalaxiskeppra,1
sizure prophylaxisdilantin,1
graf ' diseasetapazole,1
metastatic breast cancerfaslodex,1
cellulits clevo,1
history of dvtanticoagulation,1
anxietyquetiapine fumarate,1
concern for sepsisceftriaxone,1
"diabetes mellitus , type 2insulin",1
hypertensionbb,1
nauseaclonidine,1
fsg 30d50,1
type ii diabetesinsulin,1
leg painvicodin,1
concern for infection given her neutropeniavancomycin,1
bp wa found to be 58/38ivf,1
concern for infection given her neutropeniacefepime,1
burkitt 's lymphomachemo,1
burkitt 's lymphomachemotherapy,1
pcppentamidine,1
cardiomyopathymetoprolol,1
posenna,1
breakthrough paindilaudid,1
hyponatremia to 120n,1
constipationlaxative,1
chronic diastolic heart failurecardiac medication,1
enterococcus bacteremiavancomycin,1
anxiety disorderbenzodiazepine,1
bipolarlithium,1
bipolarbenzodiazepine,1
coughalbuterol sulfate [ proair hfa ],1
wheezingalbuterol sulfate [ proair hfa ],1
nosocomial or aspiration pnavanc,1
nosocomial or aspiration pnaaztreonam,1
nosocomial or aspiration pnaazithromycin,1
cirrhosislactulose,1
psoriasisclobetasol,1
psoriasis with arthropathymethotrexate,1
hepatic encephalopathyylactulose,1
vomitingclonidine,1
vrelinezolid,1
line flushheparin,1
long-acting pain controloxycontin,1
burkitt 's lymphomaivac,1
cellulits cclindamycin,1
discomfortpain medication,1
ulcerative colitismesalamine,1
orthostatic hypotensionmidodrine,1
aspiration pnalevo,1
sedationlorazepam,1
dvtscoumadin,1
diffused rashbenadryl,1
intubatedpropofol,1
hypotensiveneo,1
vreampicillin,1
discomforttylenol,1
anxietymirtazapine,1
anxietysertraline,1
heart rate wa controlledmetoprolol,1
coag-negative s. aureusvancomycin,1
b. fragilismetronidazole,1
b. fragilislevofloxacin,1
sadklonopin,1
sadprozac,1
sadrisperdone,1
sadwellbutrin,1
burkitt 's lymphomacytarabine,1
lymphomacytarabine,1
rapid afibamiodarone,1
paindemerol,1
empiricallyunasyn,1
clostridium difficile infectionflagyl,1
diarrheaflagyl,1
fluid removallasix,1
to reverse inrvitamin k,1
chronic afwarfarin,1
withdrawalhaldol,1
candidal vaginitisfluconazole,1
hyperlipidemialipitor,1
depressionprozac,1
depressionrisperdone,1
hydratedlr,1
diahrreaclonidine,1
hydrationn,1
hypopharyngeal sccdocetaxel,1
goutcolchicine,1
ventilator-associated pnavancomycin,1
ventilator-associated pnacefepime,1
retroperitoneal bleedprbcs,1
seizure prophylaxiskeppra,1
generalized convulsiondilantin,1
sleepbaclofen,1
hypopharyngeal scccisplatin,1
nasal cellulitistmp/smx,1
hypopharyngeal scc5fu,1
nauseaolanzapine,1
aspiration pneumoniacefepime,1
restlessdoxepin,1
restlesslibrium,1
lll pneumoniacefepime,1
lll pneumoniametronidazole,1
htnimdur,1
depressionpaxil,1
sleepambien,1
congestive heart failuredofetilide,1
cellulits ccephalexin,1
septic shockcephalexin,1
septic shockclindamycin,1
septic shocklevo,1
carotid stentplavix,1
copious secretionscopolamine,1
blood sugarnph,1
proteusciprofloxacin,1
systolic blood pressure greater than 130ace inhibitor,1
oa painnsaid,1
oa painvoltaren,1
tachycardicivf,1
cratered 15mm ulcerepinephrine,1
worsening renal functionnatrecor,1
diuresisnatrecor,1
lll pneumoniameropenem,1
pnavanco,1
pnacefepime,1
gi ppxlansoprazole,1
irritationmiconazole nitrate,1
painlidocaine-diphenhyd,1
left eye paintramadol,1
high blood sugarinsulin,1
shingleacyclovir,1
hyponatremiasalt,1
blood pressure controlamlodipine,1
blood pressure controlacei,1
asthamalbuertol,1
chronic uterine bleedingoral contraceptive,1
diabetes type iiinsulin,1
diabetes mellitusmetformin,1
psoriatic arthritisenbrel,1
psoriatic arthritismethotrexate,1
cravingclonidine,1
nauseaondansetron hcl,1
zoster paingabapentin,1
eye paintramadol,1
scrotal erythemamiconazole,1
eye painacetaminophen,1
left eye lens implantbacitracin/polymyxin b,1
restlessneurontin,1
mouth painlidocaine,1
mouth paindiphenhydramine,1
mouth painmaalox,1
mouth paincaphasol,1
restlessambien,1
cvaaspirin,1
rle dvtheparin,1
restlessbaclofen,1
euvolemicfurosemide/metolazone,1
uncontrolled htnlisinopril,1
frequent pvcmetoprolol,1
nasal congestionsaline,1
ppxhep,1
skin lesionantibiotic,1
back paintamiflu,1
decrease the acid in your stomachpantoprazole,1
worsening agitationativan,1
hallucinatingvalium,1
hallucinatingativan,1
delerium tremensvalium,1
worsening agitationxanax,1
worsening agitationpercocet,1
diverticulitisantibiotic,1
sinusitisantibiotic,1
shortness of breathmorphine,1
to control your sugarinsulin,1
sinus infectionantibiotic,1
insulin resistancemetformin,1
long ventriculoperitoneal tachycardiac narrow complex at 139metoprolol,1
long ventriculoperitoneal tachycardiac narrow complex at 139sotalol,1
paroxysmal atrial fibrillationdigoxin,1
tachycardiadiltiazem,1
presumed aspiration pneumoniaflagyl,1
chest painnitrostat,1
decreased hematocrittransfusion,1
decreased hematocritiron,1
gi bleedrbc,1
chronic obstructive pulmonary diseaseo2,1
infection in your gi tractantiobiotics,1
idiopathic pulmonary fibrosisprednisone,1
goal inr 2.5 to 3.5coumadin,1
ipfprednisone,1
her heart valveheparin,1
gastric varixnadolol,1
incisional painultram,1
perioperativecefazolin,1
afib with a rapid ventricular responsediltiazem,1
nauseaantiemtics,1
pain managementultram,1
blood glucose managementlantus,1
positive for mrsaceftazidime,1
positive for mrsameropenem,1
tsh wa also elevated to 25synthroid,1
hypertensionverapamil,1
high ascites drain outputalbumin,1
hypertensivemorphine,1
food allergenepipen,1
ventilator associated pneumonia with mrsalinezolid,1
sepsisazithromycin,1
multifocal pneumoniavanc,1
multifocal pneumoniazosyn,1
multifocal pneumoniaaztreonam,1
alcoholismmvi,1
alcoholismfolate,1
alcoholismthiamine,1
vtach/vfib arrestamiodarone,1
tlivf,1
worsening lactic acidosisbicarb,1
adrenalsteroid,1
gi prophylaxiscarafate,1
acinetobacter baumaniicetriaxone,1
high ascites drain outputfluid,1
maintenancefluid,1
occult anemiaprbc,1
positive for mrsavancomycin,1
rectal ca5- fu,1
peri-catheter thrombustpa,1
thrombolysistpa,1
rectal ca5-fu,1
rectal caxeloda,1
high grade s aureus bacteremiavancomycin,1
generalized edemalasix,1
hypertensivelopressor,1
immunosuppressionsteroid,1
autoimmune hepatitisprednisone,1
2+ leg edemalasix,1
persistent abdominal painpain med,1
gastroenteritiszofran,1
gastroenteritisdilaudid,1
wheezingmorphine,1
goal inr 2.5 - 3.5warfarin,1
acute infiltrate in the left upper lobelevofloxacin,1
cadzocor,1
appetite stimulationmirtazapine,1
throat painmouthwash,1
throat painlidocaine-diphenhyd,1
"pneumonia , mrsazosyn",1
bradycardiacalcium gluconate,1
"pneumonia , mrsavanc",1
chfspironolactone,1
cadquinapril,1
dyspneamorphine,1
schizophreniaremeron,1
epistaxissilver nitrate,1
epistaxisafrin,1
schizophreniarisperdal,1
hyperkalemiacalcium,1
schizophreniadepakote,1
urinary tract infectionnitrofurantoin,1
methemeglobinemiamethylene blue,1
respiratory failuremethylene blue,1
stridorheliox,1
inr < 2lovenox,1
interstitial pneumonitissteroid,1
demand ischemiaasa,1
demand ischemiacarvedilol,1
arfd51/2ns,1
overdosenarcan,1
pneumoniaz-pack,1
dm2metformin,1
lung clotcoumadin,1
for low triiodothyronine thyroxine ( t4 )levothyroxine,1
hypothyroidismcytomel,1
acute renal failuren,1
schizophrenialithium,1
her agitationhd,1
streptococcus viridans bacteremiavancomycin,1
bioplarlithium,1
atrial fibrillationanticoagulation,1
bleedingaffrin,1
aspiration pneumoniametronidazole,1
rul hapcefepime,1
hcapvanc,1
c.diffvanc,1
afib with a rapid ventricular responsedigoxin,1
c.diffvanco,1
inr of 10vit k,1
mechanical mitral valveheparin,1
esophageal varixnadolol,1
afib with a rapid ventricular responselopressor,1
health care associated pneumoniameropenem,1
c. difficile infectionflagyl,1
c. difficile infectionvanc,1
congestive heart failurebumex,1
mitral valve replacementhep,1
mitral valve replacementcoumadin,1
arrythmiadofetilide,1
rul hapvancomycin,1
polymorphic vtlidocaine,1
sedationfentanyl,1
esophageal varacesnadolol,1
sedationmidazolam,1
vfibamiodarone,1
vfiblidocaine,1
enterobacter cloaceameropenem,1
anticoagulatedwarfarin,1
intubationsuccinylcholine,1
mildly depressed efphenylephrine,1
type ii dminsulin,1
enterobacter cloaceavancomycin,1
questionable miasa,1
pseudomonasvancomycin,1
diabetesinsulin sliding scale,1
aggitatedativan,1
even to negative fluid balancelasix,1
polymorphic vtamiodarone,1
synergymetolazone,1
renal failurerasburicase,1
afterload reductioncaptopril,1
low hctprbcs,1
hospital acquired pneumoniacipro,1
empiricallyvanc,1
empiricallyzosyn,1
hospital acquired pneumoniaantibiotic,1
hypotensiveprbc 's,1
a presumed c. difficile colitisflagyl,1
uop > 100cc/hlasix,1
lymphoblastic lymphomaprednisone,1
fluid retentionlasix,1
lymphoblastic lymphomarituximab,1
rhabdolasix,1
lymphoblastic lymphomavincristine,1
acute renal failurebicarb,1
bp supportneo,1
strep viridans line infectionaugmentin,1
hyperkalemiacagluconate,1
pulmonary vascular congestionlasix,1
allrituximab,1
his anxietycelexa,1
allprednisone,1
sepsisphenylephrine,1
mrsacefepime,1
mrsavanc,1
h/o dvtwarfarin,1
acute lymphoblastic leukemiacyclophosphamide,1
vtprocainamide,1
vtantiarrythmics,1
atrial tachycardiaprocainamide,1
vtamiodarone,1
vtneosynephrine,1
chfbb,1
chface inh,1
arrythmianeosynephrine,1
the pneumoniavancomycin,1
the pneumonialevofloxacin,1
maintain bpneo,1
maintain bpbicard,1
oliguricpressor,1
hypoxianarcan,1
apneanarcan,1
apneicnarcan,1
apneicflumazanil,1
abdominal painnsaid,1
subsegmental peheparin,1
bipolaradderall,1
subsegmental peheparinized,1
h. pylorusamoxacillin,1
h. pylorusclarithromycin,1
pudsucralfate,1
pudppi,1
exacurbation of your copdoxygen,1
exacurbation of your copdsteroid,1
coughguainefesin,1
respiratory distressneb,1
apneaflumazinal,1
hypoxiaflumazinal,1
bp remain labilefluid,1
htnbp med,1
low hctblood,1
strep viridans line infectionpcn g,1
sbp 70/palpablelevophed,1
presumed goutprednisone,1
labored breathingepi,1
white countabx,1
dmhumalog,1
labored breathingbenadryl,1
labored breathingalbuterol,1
osteoarthritisplaquenil,1
bipolarcymbalta,1
septic shockantibiotic,1
blood clotlovenox,1
hypovolemiaivf,1
iddmi,1
guiaic positive rectallyprotonix,1
prevent strokecoumadin,1
mechanical heart valvewarfarin,1
yeastanti-fungals,1
foot ulcergent,1
foot ulcerceftriaxone,1
voidingflomax,1
foot ulceramp/sublactam,1
foot ulcervanc,1
foot ulcerkeflex,1
cvaplavix,1
diabetic ketoacidosisinslin,1
increasing glucose levelhumalog,1
left frontoparietal strokeplavix,1
iron supplementationferrous sulfate,1
skin lesionhydroxyzine,1
skin lesionsarna,1
left frontoparietal strokeasa,1
pruritiscamphor-menthol,1
foot ulcermeropenum,1
chest painasa,1
foot infectiontazobactam,1
shinglelyrica,1
chemotherapy regimenfluid,1
shinglelidocaine,1
shingleoxycodone,1
shingleoxycontin,1
rate controldilt,1
hypotensive with sbp in the 80-60 'sdopamine,1
rapid afiblopressor,1
mucositisoral wound care product,1
retaining fluidwater pill,1
blood countfilgrastim,1
prevention of infectionfluconazole,1
prevention of infectionacyclovir,1
stomachranitidine,1
fluid in your leglasix,1
mucositis paingelclair,1
foot infectionvancomycin,1
foot infectionpiperacillin,1
antral erosionpantoprazole,1
improve ventilationdiuresis,1
pressure began to drop to 80-90s systolicneo,1
bmtatovaquone,1
a. fibdigoxin,1
phos repletedpot phos,1
b-lucan positivebactrim,1
until c. diff ruled outflagyl,1
possible pcpbactrim,1
agitationzyprexa,1
htnace,1
acute lymphoblastic leukemiaprednisone,1
mechanical heart valveheparin,1
acute lymphoblastic leukemiadexamethasone,1
ppxheparin,1
ppxcoumadin,1
back painmethyl salicylate-menthol,1
hypoxemicoxygen,1
low kk,1
abscessantibiotic,1
spiked fever to 103tyylenol,1
abscessfluid,1
abscesspercocet,1
schizoaffective disorderlithium,1
drug reactionantibiotic,1
deliriumzyprexa,1
still agitatedversed,1
dermatitisnystatin,1
needed to increase sedationfentanyl,1
secretionmucomyst,1
a. flutter ( atrial ectopy hybrid )digoxin,1
tachycardiametoprolol,1
lymphomarituximab,1
blood in og tubesucralfate,1
acute lymphoblastic leukemiachemotherapy,1
lymphoblastic lymphomachemotherapy,1
pseudomonal coverage )cefepime,1
streptococcus pneumoniaeceftriaxone,1
anxietycymbalta,1
hree black tarry stoolmiralax,1
upper gi bleedprbcs,1
upper gi bleedppi,1
anti-coagulationplavix,1
upper gi bleedsucralfate,1
mechanical mv replacementheparin,1
cad s/p 1 vessel cabgbeta blocker,1
migrainemaxalt ml t,1
dentalamoxicillin,1
thrombocytopeniacryo,1
fishepipen,1
migrainemaxalt-mlt,1
migrainerizatriptan,1
transient ischemic attackplavix,1
peptic ulcer diseaseranitidine,1
peptic ulcer diseaseprotonix,1
back painhydromorphone,1
prior dvtwarfarin,1
chronic back paintramadol,1
acute on chronic renal failurefluid,1
oral thrushnyastatin,1
rectal painhydrocortisone,1
intravascularly dryfluid,1
hct 29prbc,1
hematemsisprbc,1
history of dvtwarfarin,1
schflasix,1
hyperlipidemiaezetimibe,1
schftorsemide,1
volume overloadtorsemide,1
sleplaquenil,1
sleimuran,1
sleprednisone,1
lupuscytoxan,1
ovarian protectionlupron,1
joint paintylenol,1
sirvancomycin,1
sirflagyl,1
sircefepime,1
mrsabactrim,1
mrsalinezolid,1
avoid resistanceamikacin,1
bacterial infectionantibiotic,1
copdspiriva,1
enterococcusampicillin,1
enterococcal/enterobacter bacteremialinezolid,1
chest painmssr,1
enterococcal/enterobacter bacteremiameperidine,1
abdominal painm sr,1
vomitingdolasetron,1
enterococcal/enterobacter bacteremiaceftaz,1
supratherapeuticffp,1
enterococcal/enterobacter bacteremialevaquin,1
incisional paintylenol,1
right lower extremity dvtlovenox,1
pseudomonaslevaquin,1
pneumoniabactrim,1
r peroneal dvtwarfarin,1
nauseadolasetron,1
abdominal painmorphine,1
pyelonephritisantibiotic,1
painpain medicine,1
pyelonephritishydromorphone,1
pyelonephritislevofloxacin,1
pyelonephritisivf,1
anticoagulationenoxaparin,1
forming blood clotcoumadin,1
blood thinnerenoxaparin,1
recurrent chest painmorphine,1
painnitro,1
painpyridium,1
torn acl painoxycodone-acetaminophen,1
pneumoniaceftaz,1
complicated cysistitscipro,1
non-hodgkin 's lymphomachemotherapy,1
thrombocytopeniasurgicel,1
aspiration pneumoniazosyn,1
uro treatmentpeg-interferon,1
abdominal painativan,1
sharp chest painnitroglycerin,1
hct 23.4prbc,1
uro treatmentribavirin,1
low grade feverzosyn,1
low grade feverfluconazole,1
low grade fevervancomycin,1
pain controltoradol,1
pcp prophylaxisatovaquone,1
immunosuppressionneoral,1
deep vein thrombosiscoumadin,1
nauseazofran odt,1
goal inr of 2.0 to 2.5coumadin,1
pain controlpercocet,1
deep venous thrombosiscoumadin,1
immunosuppressionthymoglobulin,1
abdominal painketorolac,1
allergic reactionepipen,1
throat itchingdiphenhydramine hcl,1
puritisdiphenhydramine hcl,1
depressionfluoxitine,1
chronic paingabapentin,1
depressedfluoxetine,1
depressionclonazepam,1
cholesterol managementsimvastatin,1
chronic back painmethadone,1
significant hypothyroidismlevothyroxine,1
lip swellingbenadryl,1
better control bpamlodipine,1
myelofibrosis with panmyelosischemotherapy,1
myelofibrosis with panmyelosislevofloxacin,1
myelofibrosis with panmyelosisvalacyclovir,1
myelofibrosis with panmyelosisallopurinol,1
nauseaprochlorperazine,1
phosphorous lowercalcium acetate,1
immunosuppressionsolu-medrol,1
deep venous thrombosisheparin,1
hypoxiavancomycin,1
post-op deleriumhaldol,1
sternal paintylenol,1
copdsolumedrol,1
hypertensive to sbp200slabetalol,1
pvdanticoagulated,1
diabetes mellitus type iii,1
tobacco cessationwellbutrin,1
stentclopidogrel,1
lupus cardiomyopathyivig,1
lupus cardiomyopathyplasmaphoresis,1
lupus cardiomyopathycytoxan,1
lupus cardiomyopathysteroid,1
resuscitationivf,1
bp controlbblocker,1
lupussteriods,1
lupusplasmapheresis,1
itchinesssarna,1
atrial fibrillationbblockers,1
afibfundaperinox,1
rethrombosisplavix,1
pain controlsedative medication ( dilaudid ),1
hypoxiacefepime,1
sbp in the 40dopamine,1
paroxysmal atrial fibrillationcoumadin,1
pafpropafenone,1
gastric ulcersucralfate,1
smokingnicotine,1
cold preventionibuprofen,1
hct of 19prbc,1
metastatic melanomail-2 therapy,1
hypotensivephenylephrine,1
clostridium difficile diarrheaflagyl,1
vomitinglorazepam,1
stimulate the bone marrowneupogen,1
post-cpbphenylephrine,1
"astrocytoma , grade iiinavelbine",1
"astrocytoma , grade iiitemodar",1
keep sbp < 140hydralazine,1
dm2amaryl,1
rigortylenol,1
painnitroglycerine,1
nteminitroglycerine,1
abdominal painanti-emetics,1
infectionceftriaxone,1
lung canavelbine,1
lung caxrt,1
dm2i,1
blood pressure controlmetoprolol,1
nerve paingabapentin,1
prevent constipationcolace,1
relieve constipationsenna,1
hypothyroidthyroid medicine,1
replacementpotassium,1
apply to groinmiconazole nitrate,1
drynesswhite petrolatum-mineral oil,1
leukemiachemotherapy,1
coughingguaifenesin,1
resuscitatedepinephrine,1
possible community acquired pneumoniadoxycycline,1
minor anal mucosal tearflagyl,1
continued fevermicafungin,1
aspergillus and coccidiomycosis coveragemeropenem,1
aspergillus and coccidiomycosis coverageambisome,1
aspergillus and coccidiomycosis coveragevancomycin,1
guaiac positive stoolplatelet,1
hematuriaplatelet,1
febrile neutropeniabroad spectrum antibiotic,1
pafwarfarin,1
pafatenolol,1
possible community acquired pneumoniaaugmentin,1
feverdemerol,1
chilltylenol,1
chilldemerol,1
insomniaambien,1
mucusacetylcysteine,1
# # prophylaxisppi,1
insominatrazodone,1
volume overloadfurosemide,1
for coverage of severe caplevofloxacin,1
afib with rvrlopressor,1
-afibcoumadin,1
mgmestinon,1
prophylaxisfamotidine,1
diarrheafiber,1
atrial fibrillationbeta blocker,1
streptococcus pneumoniaeflagyl,1
lul pneumonialevofloxacin,1
hap coveragevancomycin,1
streptococcus pneumoniaecipro,1
for chf managementlasix,1
cad with h/o miasa,1
streptococcus pneumoniaevanc,1
htnlosartan,1
mouth/throat painmaalox-diphenhydramine-lidocaine,1
heartburncalcium carbonate,1
crampingoxycodone-acetaminophen,1
respiratory infectionantibiotic,1
pneumoniatobramycin,1
staphvancomycin,1
staphzosyn,1
gerdranitidine,1
insomniatemazepam,1
elevated creatinineivf,1
infiltrate on cxrlevofloxicin,1
staph aureusvancomycin,1
diabetes mellitus type 2insulin,1
bradycardiacoumadin,1
gerdprilosec,1
post-op paindilaudid,1
aspiration pneumoniaclindamycin,1
feveratbx,1
sobalbuterol-ipratropium,1
hemorrhoidflagyl,1
coughlevofloxacin,1
febrile neutropenialevofloxacin,1
rll pneumoniaantibiotic,1
avfoxygen,1
meningitisamp,1
meningitisacyclivir,1
avfaspirin,1
utictx,1
utiamp,1
utiacyclivir,1
aspiration pneumoniavanco,1
good rate controldiltiazem,1
utivanco,1
uticeftazidime,1
red rash on arm and facebenedaryl,1
multiple sclerosisbaclofen,1
good rate controlmetoprolol,1
tremulous in upper extremityativan,1
rate controlledatenolol,1
rll pneumoniadoxycycline,1
muscle tone/spasticitybaclofen,1
rll pneumoniacefepime,1
reduce the cerebral edemasteroid,1
htnbeta blocker,1
enterococcal/enterobacter bacteremiavancomycin,1
blood pressuren,1
elevated sbpbeta blocker,1
fenivf,1
chronic obstructive pulmonary diseaseoxygen,1
respiratory distresssteroid,1
hypertensionace inhibitor,1
renal failurefluid,1
washout of his systemplavix,1
rapid atrial fibrillationamiodarone,1
peptic ulcer diseaseprbc,1
gpcceftaz,1
gpcvanco,1
tremulous in upper extremityfosphenytoin,1
mrsaceftazidime,1
febrile neutropeniavancomycin,1
coronaryatorvostatin,1
acute kidney injury on chronic kidney diseaselasix,1
heart rate controlmetoprolol,1
community acquired pneumoniadoxycycline,1
community acquired pneumoniacefepime,1
foot infectionciprofloxacin,1
community acquired pneumoniavancomycin,1
broad coverageambisome,1
broad coveragecefepime,1
broad coveragevancomycin,1
neutropenicambisome,1
neutropeniccefepime,1
neutropenicvancomycin,1
febrilecefepime,1
febrileambisome,1
febrile neutropeniacefepime,1
acute kidney injury on chronic kidney diseasedopamine,1
coronaryplavix,1
encephalopathybactrim,1
coronaryasa,1
hypotensionlevofed,1
hyperlipidemiaatorvastatin,1
cardiogenic shocklevophed,1
lv thrombuswarfarin,1
junctional bradycardiametoprolol,1
diabetes : type iiglargine,1
diabetes : type iinph,1
fluidfurosemide,1
secondary preventionantiplatelet agent,1
goal map of 55-60levophed,1
therapeutic pttheparin,1
therapeutic inrcoumadin,1
lv thrombusheparin,1
lv thrombuscoumadin,1
renal failurecarvedilol,1
bleeding pyloric ulcerepi,1
ischemiastatin,1
back painvicodin,1
hcvribavirin,1
cdiffflagyl,1
maintain bplevophed,1
hyperglycemia with f 470sfluid,1
hyperglycemia with f 470sinsulin,1
hyperglycemia with f 470slr,1
hcvrebetron,1
hcvpeg-intron,1
intractable hiccoughthorazine,1
anemicffp,1
osteopeniapamidronate,1
hcvantihcv therapy,1
blood pressureatenolol,1
blood pressurefluid,1
blood pressurepressor,1
hyperlipidemiapravastatin,1
antibiotic prophylaxisamoxicillin,1
cdiffgentamicin,1
cdiffvanco,1
maintian map > 60dopamine,1
sbp dropped to the 80 and high 70dopamine,1
cmv vlgancyclovir,1
cmv viral loadgancyclovir,1
hypocoaguableffp,1
agitationquetiapine,1
skin boilazithromycin,1
aspiration pnagentamicin,1
aspiration pnavanco,1
bp wa elevatednorvasc,1
seizure d/ophenobarb,1
seizure d/odiazepam,1
bp wa elevatedlopressor,1
abd painh2 blocker,1
abd painppi,1
tachycardiaivfs,1
sbp dropped to the 80 and high 70ivfs,1
headacheoxycodone-acetaminophen,1
cadatenolol,1
postopatg,1
immunosuppressant regimentacrolimus,1
diuresisbumex,1
bladder spasmoxybutynin,1
atrial fibrillationfondaparinux,1
low ejection fractionfondaparinux,1
low ejection fractioncoumadin,1
rheumatoid arthritismtx,1
rheumatoid arthritisremicaide,1
e. colicipro,1
ramtx,1
raremicaide,1
febrileivf,1
febrileceftaz,1
febrileclinda,1
febrileantibiotic,1
glucose intolerancessi,1
sepsislev,1
immunosuppressant regimencellcept,1
fevers/chillszosyn,1
sepsissteroid,1
biliary sepsiszosyn,1
biliary sepsislevo,1
biliary sepsisflagyl,1
hemodynamic supportlevo,1
hemodynamic supportdopamine,1
hemodynamic supportvasopressin,1
hemodynamic supportpressor,1
urosepsiscipro,1
rapid afib with decompensationlevophed,1
rapid afib with decompensationvasopressin,1
rapid afib with decompensationdopa,1
rapid afib with decompensationpressor,1
rapid afib with decompensationamio,1
afibdopamine,1
fevers/chillsvanc,1
hct wa low enoughprbcs,1
ttpsteroid,1
temp 102.5cipro,1
dyslipidemiastatin,1
dchfbeta blocker,1
prophylaxisatovaquone,1
ckdprednsione,1
af with rvrsotolol,1
blood pressurespironolactone,1
leg swellinglasix,1
septicemialinezolid,1
diabetesactos,1
cmvvalgancyclovir,1
diabetesi,1
gerdh2b,1
pocket infectionlinezolid,1
gibprbc,1
hypotensiven ivf,1
coag-neg staphlinezolid,1
hypertensionmetoprolol succinate,1
heart failurespironolactone,1
proteinuriaace-i,1
coronary stentplavix,1
gram positive bacteremiavanc,1
her hr in reasonable controlmetoprolol,1
guaiac positive dark stoolivf,1
sedateddilaudid,1
sedatedoxycodone,1
dystoniacogentin,1
guaiac positive dark stoolprotonix,1
af with rvrmetoprolol,1
lower gi bleedrbc,1
anemiablood transfusion,1
heart rate controldiltiazem,1
mrsa pnavancomycin,1
mrsa pnameropenem,1
torulopsisfluconazole,1
constipationmaalox,1
acute diastolic heart failurelasix,1
pacemaker pocket infectionlinezolid,1
infectionlinezolid,1
atrial fibrillationcoumadin ),1
pcp prophylaxisbactrim,1
hematocrit wa 22.6prbc,1
a-fibmetoprolol,1
coagulopathyvit k,1
hyperglycemianph,1
deleriumhaloperidol,1
deleriumativan,1
gerd paingi cocktail,1
moderate paintramadol,1
hemophagocytic lymphohistiocytosisatg,1
hemophagocytic lymphohistiocytosiscyclosporine,1
hemophagocytic lymphohistiocytosissteroid,1
gerd sxmaalox,1
deleriumquetiapine,1
respiratory failureoxygen,1
thrombocytopeniaplt,1
coughipratropium bromide,1
ppxgancyclovir,1
diuresisfurosemide,1
hapmeropenem,1
pulmonary edemafurosemide,1
paroxysmal afibsotalol,1
retroperitoneal hematomapressor,1
anticoagulatedcoumadin,1
a fibcoumadin,1
ards treatmentlasix,1
seizure controldilantin,1
prevent seizurephenytoin,1
post procedure paintylenol,1
insomniaibuprofen-containing sleep aid,1
incisional painanalgesia,1
av pacedphenylephrine,1
coronary artery diseasebeta-blockers,1
coronary artery diseasediuretic,1
haplevofloxacin,1
hypertensive crisisantihypertensive,1
blood glucose controlinsulin,1
gram-negative uticiprofloxacin,1
hivabacavir,1
comfortmorphine,1
gibprotonix,1
gibblood,1
hivanti-retroviral therapy,1
fatiguedlasix,1
hivlamivudine,1
hivfosamprenivir,1
hivtenofovir,1
complicated ( male ) utibactrim,1
hivritonovir,1
urinary frequencyoxybutynin chloride,1
paintylenol extra strength,1
bloatingsimethicone,1
bleeding ulceromeprazole,1
pain reliefnsaid,1
bright red emesisprbcs,1
intracranial hemorrhageplatelet,1
aggitatedtopiramate,1
seizures eizure medication,1
longer than 5 minutelorazepam,1
asthmaipratriopium,1
asthmaprednisone,1
wheezingadvair,1
ventilator associated pneumoniavanc,1
ventilator associated pneumoniacefepime,1
ventilator associated pneumoniacipro,1
asthmaepi,1
elevated cr 1.9ace,1
low bpsace,1
paincalcitonin,1
capctx,1
asthmactx,1
dchfcoumadin,1
sleepolanzapine,1
active bleedingvitamin k,1
flat lesionepinepherine,1
esophagitisppi,1
uppger gi bleeding from a stomach ulcerblood,1
hospital acquired pneumoniavancomycin,1
severe back painfentanyl,1
mssaantibiotic,1
low-grade fevertamiflu,1
low-grade fevervicodin,1
low-grade feveribuprofen,1
flutamiflu,1
fluvicodin,1
fluibuprofen,1
cellulitic area continued to worsenunasyn,1
metabolic acidosisbicarbonate,1
hyperglycemiainsulin regular human,1
constipsenna,1
svtfluid,1
sciaticapercocet,1
transient tachycardia to 120fluid,1
severe infectionnafcillin,1
utiantibiotic,1
hcapciprofloxacin,1
seizure disorderkeppra,1
tachypneiclasix,1
bilateral pleural effusionlasix,1
atrial fibrillation with rvrdilt,1
pnaoxygen,1
a multifocal pneumoniaoxygen,1
a multifocal pneumoniabroad-spectrum iv antibiotic,1
a multifocal pneumoniaantibiotic,1
msralevofloxacin,1
msralinezolid,1
atrial fibrillationaspirin,1
cap organismlinezolid,1
cap organismlevofloxacin,1
mssa infectionvancomycin,1
mssa infectionnafcillin,1
bacteremiaantibiotic,1
dchfaspirin,1
agitationsedation,1
recurrent seizureativan,1
acidosisivf,1
dropping hctprbcs,1
elevated inrffp,1
frontal headachetylenol,1
neutropenic fevervanco,1
aspiration/pneumoniaantibiotic,1
vertigomeclizine,1
rectal cancer5fu,1
rectal canceravastin,1
coughguaifensin with codeine,1
pnalevoflox,1
resistent bacterial pnaantibiotic,1
zoster infectionacyclovir,1
resistent bacterial pnactx,1
hivebenadryl,1
resistent bacterial pnameropenem,1
acidosisbicarb,1
frontal headachepain medication,1
hyponatremiaivf,1
fevermetronidazole,1
indigestioncalcium carbonate,1
osteoarthritisindomethacin,1
goutindomethacin,1
chronic severe knee painindomethacin,1
goutnsaid,1
spiked to 101.3flagyl,1
spiked to 101.3cefepime,1
spiked to 101.3vanco,1
rectal metastatic adenocarcinomaavastin,1
rectal metastatic adenocarcinoma5fu,1
rectal metastatic adenocarcinomaleucovorin,1
diarrheacefepime,1
diarrheametronidazole,1
diarrheavancomycin,1
fevercefepime,1
resistent bacterial pnagent,1
dehydrationivf,1
cataractlevobunolol,1
ulcerprbc,1
depressionmirtazapine,1
88 systolicffp,1
88 systolicn,1
"diastolic chf , chroniclasix",1
"diastolic chf , chroniclisinopril",1
nauseaclonazepam,1
"diastolic chf , chronicmetoprolol",1
lgibvitamin k,1
strokeasa,1
strokekeppra,1
glaucomalevobunolol,1
glaucomaxalatan,1
glaucomatravatan,1
hypernatremiafluid,1
acute drop in your blood countblood,1
blood in the body and fundus of the stomachprbc,1
crifluid,1
renal insufficiencyivr,1
cadcaptopril,1
tachycardiaivf,1
gerdnexium,1
maroon bowel movementprbcs,1
gi bleedffp,1
coughcodeine-guaifenesin,1
pneumoniafluid,1
dehydrationfluid,1
gi bleedprbc,1
secondary preventioncaptopril,1
secondary preventioncarvedilol,1
secondary preventionstatin,1
hypothyroidsynthroid,1
osteoporosisfosamax,1
ulcer in the distal esophagusppi,1
hct droppedffp,1
temp 102.5flagyl,1
temp 102.5vanco,1
ischemiaasa,1
high blood pressuremetoprolol,1
meningitisacyclovir,1
rhabdoivf,1
prevent viral infectionacyclovir,1
strokeaspirin,1
abdominal paintramadol,1
hypoglycemicd50,1
type i dminsulin,1
hypothermiainsulin,1
depressioneffexor,1
typhlitisaztreonam,1
ypertensive to 224/94hydralazine,1
primary prophylaxisaspirin,1
typhlitisflagyl,1
aggitationhaloperidol,1
hyperlipidemialescol,1
hyperlipidemiacholestyramine,1
psych dzremeron,1
psych dzsertraline,1
psych dzwellbutrin,1
psych dzrisperdal,1
encephalitisctx,1
encephalitisvanc,1
neuroleptic malignant synbaclofen,1
nmbromocriptine,1
hapcefepime,1
hepatic encephalopathylaculose,1
htnlabetalol,1
behavioral agitationativan,1
behavioral agitationbenzodiazepine,1
schizoaffective disorderrisperidone,1
seizure activityvalium,1
hapanc,1
fungal infectionvoriconazole,1
dmi,1
psych dzeffexor,1
eripheral vascular diseaseaspirin,1
arthritis paintylenol,1
bp wa 70/palpn,1
hyperkalemicbicarbonated,1
fibromyalgiagabapentin,1
dyspepsiadonnatal,1
your rashmupirocin,1
your rashsarna,1
pneumoniasolu-medrol,1
pneumoniaantifungal,1
gastroesophageal refluxomeprazole,1
hyperkalemicgluconate,1
hyperkalemiccalcium,1
hyperkalemickayxelate,1
desat 's into the low 80haldol,1
500cc blood lossprbc,1
incisional painmorphine,1
chronic utibactrim,1
dyspneaativan,1
inflammationprednisone,1
ischemiaaspirin,1
bp wa 70/palpdopamine,1
pain managementnarcotic,1
hypoglycemiaglucagon,1
sattelite lesionmiconazole,1
drug reactionvancomycin,1
septic left kneevanc,1
septic left kneecipro,1
psoriatic arthritisgolimumab,1
psoriatic arthritisazathioprine,1
psoriatic arthritisprednisone,1
depressionlexapro,1
hlpravastatin,1
gerddonnatal,1
heartburnphenobarb-hyoscy-atropine-scop,1
pain controloxycodone,1
psoriatic arthritisimmunosuppression,1
folliculitisantibiotic,1
encephalitisacyclovir,1
depressionrisperdal,1
temp 102.5kefzol,1
febrile neutropeniavanco,1
htndiltiazem,1
neutropenic colitisflagyl,1
pnalevaquin,1
pnaflagyl,1
icu psychosishaldol,1
chelation therapydeferasirox .,1
neutropenic colitisaztreonam,1
neutropenic feverciprofloxacin,1
3 abscessed teethclindamycin,1
acute myelogenous leukemiacytarabine,1
anginanitro,1
pancytopeniared cell,1
pancytopeniaplatelet,1
febrilemeropenem,1
aspergillusposaconazole,1
vre coveragedapto,1
feverempiric antibiotic,1
feversteroid,1
line infectionempiric sntibiotics,1
melanomail ' 2,1
copd exacurbationprednisone,1
pulmonary embolism in the right lower lobecoumadin,1
coughsteroid,1
sputum productionsteroid,1
ugibamoxacillin,1
ugibclarithromycin,1
? lll pnalevo,1
? lll pnaflagyl,1
line infectionvamco,1
anxietyadderall,1
depressioncymbalta,1
depressionadderall,1
shortness of breathatrovent,1
abt bleedingplts,1
abt bleedingffp,1
capcefepime,1
capciprofloxacin,1
pain controlmethadone,1
h/o colitisanaspaz,1
dmhiss,1
pancreatic insufficiencycreon,1
crohn 's diseaseasacol,1
breakthrough painoxycodone,1
painlidoderm,1
acute leukemiacefepime,1
h/o tia symptomplavix,1
secondary preventionasa,1
secondary preventionplavix,1
weight > 195 lblasix,1
infected kneeantibiotic,1
acute leukemiaallopurinol,1
depressionmethylphenidate,1
depressionremeron,1
acute leukemiahydroxyurea,1
acute leukemiachemo,1
h/o cadstatin,1
ischemic cvaasa,1
h/o cadaspirin,1
cirrhosisspironolactone,1
acute leukemiaidarubicin,1
coag-neg staphvancomycin,1
albicans osteomyelitisamphotericin,1
acute leukemiachemotherapy,1
acute scrotal paindilaudid,1
ciwaativan,1
fungal osteomyelitiscaspofungin,1
hep cspironolactone,1
h/o colitisasacol,1
gram negative septicemia due to cholangitisgentamicin,1
h/o cadbeta blocker,1
acute leukemiacytarabine,1
gram negative septicemia due to cholangitisampicillin,1
gram negative septicemia due to cholangitiscipro,1
bilateral aspiration pneumoniaantibiotic,1
generalized tonic clonic seizureativan,1
gtcativan,1
mycoplasma hominis pnadoxy,1
glaucomaapraclonidine,1
anxietyabilify,1
anxietyduloxetine,1
pseudomonas infection of stageazithromycin,1
pseudomonas infection of stagedaptomycin,1
pseudomonas infection of stageceftazidime,1
mycoplasma hominis pnacipro,1
utilevoquin,1
sedatingbenadryl,1
dyspepsiamagnesium hydroxide,1
diffuse joint painmethadone,1
dystonic reactiondiphenhydramine,1
pneumoniacefepime,1
colon cachemo,1
klebsiella uticipro,1
klebsiella utiflagyl,1
glaucomatobraymycin,1
glaucomatobramycin,1
possible pneumonialevoquin,1
mild upper airway edemasteroid,1
coronary artery diseasebb,1
coronary artery diseaseticlopidine,1
depressionlorazepam,1
depressionduloxetine,1
depressionabilify,1
a line infectionzosyn,1
supraventricular tachycardiaverapamil,1
supraventricular tachycardiadigoxin,1
htnverapamil,1
sobcombivent,1
trabeculectomymitomycin c,1
difficulty breathingoxygen,1
dyspneaalbuterol,1
dry coughalbuterol,1
tachypneaalbuterol,1
woundflagyl,1
wound culturemeropenum,1
wound culturevanco,1
blood glucose level were > 200dextrose,1
balanitisaugmentin,1
balantitisaugmentin,1
coag negative staphaugmentin,1
diptheroids ( corynebacterium )augmentin,1
symptom of congestive heart failurelasix,1
sinus rhythmamiodarone,1
agitationhadol,1
anti-coagulationheparin,1
her hr in reasonable controldiltiazem,1
abdominal paingi cocktail,1
odynophagiappi,1
odynophagiagi cocktail,1
hyperglycemiahumalog,1
temp 102.5tylenol,1
temp 102.5antibiotic,1
blood sugar > 250insulin,1
av pacemakerdigoxin,1
palliativechemotherapy,1
hypoglycemiad10,1
abscessclindamycin,1
atrial fibrillationbeta-blocker,1
nonsmall cell lung cancer with brain metastasisdexamethasone,1
a-fibwarfarin,1
inr wa reversedvitamin k,1
stroke in patientcoumadin,1
rate controlbeta-blocker,1
a-fibbcoumadin,1
anasarcadiuretic,1
balantitisceftriaxone,1
pulmunary aspergillosisvoriconazole,1
ssflecainide,1
sswarfarin,1
lymphomarchop,1
s/p renal xplantimmunosupressives,1
a line infectionmeropenem,1
rheumatoid arthritisimuran,1
rheumatoid arthritishumira,1
seizureanti- [ * * known lastname 862 * * ] medication,1
soboxygen,1
sbp wa noted to be 188-216bp med,1
anti-epileptickeppra,1
cad s/p cabgplavix,1
cpmorphine,1
hypotensive to 80 'sivf,1
echo bubblesaline contrast,1
gastrointestinal bleedred blood cell,1
cpplavix,1
gastrointestinal bleedprbcs,1
bright red blood in her stoolprbcs,1
hypertensioncozaar,1
hypertensionimdur,1
bacteremiacefepime,1
pain in betweenoxycodone,1
pulmonary edemaoxygen,1
barrett 's esophagusppi,1
edemaalbumin,1
if no bowel movement in two daybisacodyl,1
degenerative joint diseasecelebrex,1
upper gastrointestinal bleednsaid,1
upper gastrointestinal bleedpacked red blood cell,1
diuresedlasix .,1
arthritiscelebrex,1
cervical osteomyelitisvancomycin,1
kidney functionlisinopril,1
weight increase > 3 poundlasix,1
sedatingativan,1
osteomyelitisvancomycin,1
chronic painfentanyl,1
osteoporosistum,1
peripheral neuropathyvitamin b12,1
agitationlorazepam,1
no bowel movement for two daybisacodyl,1
h/o heavy etohthiamine,1
vrezosyn,1
trabeculectomytobraymycin,1
sinus bradycardiaatropine,1
decreased eface inhibitor,1
ventricular fibrillationamiodarone,1
anxiety regimenneurontin,1
tbmed,1
tuberculosisdrug,1
elevated creatininefluid,1
atrial tachycardiadiltiazem,1
atrial tachycardiametoprolol,1
hypotensionatropine,1
sbpivf,1
pressureatropine,1
respiratory distressheliox,1
respiratory distressoxygen,1
trabeculectomytobramycin,1
trabeculectomyapraclonidine,1
fluid overloadedlasix,1
chest paino2,1
loss of bloodblood product,1
prevent heart attackplavix,1
question of infectionantibiotic,1
dermatitisclobetasol,1
esophagitisomeprazole,1
dressing changeoxycodone,1
prophylactically anticoagulatedlovenox,1
prophylaxislovenox,1
ventricular tachycardiaamiodarone,1
hypertensionisorbide,1
acheparin,1
antiplatelet therapyheparin,1
r arm cellulitiscefelaxin,1
heartatorvastatin,1
cholesterolatorvastatin,1
hearttoprol xl,1
blood pressuretoprol xl,1
stentaspirin,1
